RIC;Name;Country;SEDOL;Isin;Size;Segment;Internal_Number
UCB.BR;UCB SA ORD;BELGIUM;5596991;BE0003739530;STANDARD;Developed;491062
MUVGn.DE;MUENCHENER RUECKVERSICHERUNGS GESELLSCHAFT AG IN MUENCHEN ORD;GERMANY;5294121;DE0008430026;STANDARD;Developed;461075
CAPP.PA;CAPGEMINI SE ORD;FRANCE;4163437;FR0000125338;STANDARD;Developed;416343
SCOR.PA;SCOR SE ORD;FRANCE;B1LB9P6;FR0010411983;STANDARD;Developed;479736
AXAF.PA;AXA SA ORD;FRANCE;7088429;FR0000120628;STANDARD;Developed;458887
SGEF.PA;VINCI SA ORD;FRANCE;B1XH026;FR0000125486;STANDARD;Developed;481808
ORRON.ST;ORRON ENERGY AB ORD;SWEDEN;7187627;SE0000825820;STANDARD;Developed;718762
SGOB.PA;COMPAGNIE DE SAINT GOBAIN SA ORD;FRANCE;7380482;FR0000125007;STANDARD;Developed;476837
BAB.L;BABCOCK INTERNATIONAL GROUP PLC ORD;UNITED KINGDOM;969703;GB0009697037;STANDARD;Developed;96970
DGE.L;DIAGEO PLC ORD;UNITED KINGDOM;237400;GB0002374006;STANDARD;Developed;39600
WPP.L;WPP PLC ORD;UNITED KINGDOM;B8KF9B4;JE00B8KF9B49;STANDARD;Developed;97404
SRG.MI;SNAM SPA ORD;ITALY;7251470;IT0003153415;STANDARD;Developed;725147
PRU.N;PRUDENTIAL FINANCIAL INC ORD;UNITED STATES;2819118;US7443201022;STANDARD;Developed;PRU
7762.T;CITIZEN WATCH CO LTD ORD;JAPAN;6197304;JP3352400000;STANDARD;Developed;619730
7201.T;NISSAN MOTOR CO LTD ORD;JAPAN;6642860;JP3672400003;STANDARD;Developed;664286
SPMI.MI;SAIPEM SPA ORD;ITALY;BMY36H7;IT0005495657;STANDARD;Developed;476876
SPG.N;SIMON PROPERTY GROUP INC ORD;UNITED STATES;2812452;US8288061091;STANDARD;Developed;SPG
SAND.ST;SANDVIK AB ORD;SWEDEN;B1VQ252;SE0000667891;STANDARD;Developed;477472
0003.HK;HONG KONG AND CHINA GAS CO LTD ORD;HONG KONG;6436557;HK0003000038;STANDARD;Developed;643655
HIG.N;HARTFORD FINANCIAL SERVICES GROUP INC ORD;UNITED STATES;2476193;US4165151048;STANDARD;Developed;HIG
AMD.O;ADVANCED MICRO DEVICES INC ORD;UNITED STATES;2007849;US0079031078;STANDARD;Developed;AMD
ETR.N;ENTERGY CORP ORD;UNITED STATES;2317087;US29364G1031;STANDARD;Developed;ETR
ADI.OQ;ANALOG DEVICES INC ORD;UNITED STATES;2032067;US0326541051;STANDARD;Developed;ADI
DKS.N;DICK'S SPORTING GOODS INC ORD;UNITED STATES;2969637;US2533931026;STANDARD;Developed;DKS
CAH.N;CARDINAL HEALTH INC ORD;UNITED STATES;2175672;US14149Y1082;STANDARD;Developed;CDIC
CCL.N;CARNIVAL CORP ORD;UNITED STATES;2523044;PA1436583006;STANDARD;Developed;CCL
CLF.N;CLEVELAND-CLIFFS INC ORD;UNITED STATES;BYVZ186;US1858991011;STANDARD;Developed;US91FB
KO.N;COCA-COLA CO ORD;UNITED STATES;2206657;US1912161007;STANDARD;Developed;KO
CMI.N;CUMMINS INC ORD;UNITED STATES;2240202;US2310211063;STANDARD;Developed;CUM
BA.N;BOEING CO ORD;UNITED STATES;2108601;US0970231058;STANDARD;Developed;BA
EQT.N;EQT CORP ORD;UNITED STATES;2319414;US26884L1098;STANDARD;Developed;EQT
FDX.N;FEDEX CORP ORD;UNITED STATES;2142784;US31428X1063;STANDARD;Developed;FDX
IPL.AX;INCITEC PIVOT LTD ORD;AUSTRALIA;6673042;AU000000IPL1;STANDARD;Developed;667304
USB.N;US BANCORP ORD;UNITED STATES;2736035;US9029733048;STANDARD;Developed;STB
5233.T;TAIHEIYO CEMENT CORP ORD;JAPAN;6660204;JP3449020001;STANDARD;Developed;666020
GIS.N;GENERAL MILLS INC ORD;UNITED STATES;2367026;US3703341046;STANDARD;Developed;GIS
LEG.N;LEGGETT & PLATT INC ORD;UNITED STATES;2510682;US5246601075;STANDARD;Developed;LEG
STEL.SI;SINGAPORE TELECOMMUNICATIONS LTD ORD;SINGAPORE;B02PY11;SG1T75931496;STANDARD;Developed;681075
RRC.N;RANGE RESOURCES CORP ORD;UNITED STATES;2523334;US75281A1097;STANDARD;Developed;RRC
MAN.N;MANPOWERGROUP INC ORD;UNITED STATES;2562490;US56418H1005;STANDARD;Developed;MAN
MDT.N;MEDTRONIC PLC ORD;IRELAND;BTN1Y11;IE00BTN1Y115;STANDARD;Developed;MDT
CVS.N;CVS HEALTH CORP ORD;UNITED STATES;2577609;US1266501006;STANDARD;Developed;MES
MUR.N;MURPHY OIL CORP ORD;UNITED STATES;2611206;US6267171022;STANDARD;Developed;MUR
JWN.N;NORDSTROM INC ORD;UNITED STATES;2641827;US6556641008;STANDARD;Developed;NOBE
NSC.N;NORFOLK SOUTHERN CORP ORD;UNITED STATES;2641894;US6558441084;STANDARD;Developed;NSC
OMC.N;OMNICOM GROUP INC ORD;UNITED STATES;2279303;US6819191064;STANDARD;Developed;OMC
ONEX.TO;ONEX CORP ORD;CANADA;2659518;CA68272K1030;STANDARD;Developed;TOCX
PPG.N;PPG INDUSTRIES INC ORD;UNITED STATES;2698470;US6935061076;STANDARD;Developed;PPG
PH.N;PARKER-HANNIFIN CORP ORD;UNITED STATES;2671501;US7010941042;STANDARD;Developed;PH
EXC.O;EXELON CORP ORD;UNITED STATES;2670519;US30161N1019;STANDARD;Developed;PE
PGR.N;PROGRESSIVE CORP ORD;UNITED STATES;2705024;US7433151039;STANDARD;Developed;PGR
SYK.N;STRYKER CORP ORD;UNITED STATES;2853688;US8636671013;STANDARD;Developed;STRY
TXT.N;TEXTRON INC ORD;UNITED STATES;2885937;US8832031012;STANDARD;Developed;TXT
VMC.N;VULCAN MATERIALS CO ORD;UNITED STATES;2931205;US9291601097;STANDARD;Developed;VMC
WM.N;WASTE MANAGEMENT INC ORD;UNITED STATES;2937667;US94106L1098;STANDARD;Developed;UW
ASML.AS;ASML HOLDING NV ORD;NETHERLANDS;B929F46;NL0010273215;STANDARD;Developed;546078
CBA.AX;COMMONWEALTH BANK OF AUSTRALIA ORD;AUSTRALIA;6215035;AU000000CBA7;STANDARD;Developed;621503
MDBI.MI;MEDIOBANCA BANCA DI CREDITO FINANZIARIO SPA ORD;ITALY;4574813;IT0000062957;STANDARD;Developed;457481
SIEGn.DE;SIEMENS AG ORD;GERMANY;5727973;DE0007236101;STANDARD;Developed;480710
DVA.N;DAVITA INC ORD;UNITED STATES;2898087;US23918K1088;STANDARD;Developed;TRL
WAT.N;WATERS CORP ORD;UNITED STATES;2937689;US9418481035;STANDARD;Developed;WAT
IRM.N;IRON MOUNTAIN INC ORD;UNITED STATES;BVFTF03;US46284V1017;STANDARD;Developed;IRM
FBU.NZ;FLETCHER BUILDING LTD ORD;NEW ZEALAND;6341606;NZFBUE0001S0;STANDARD;Developed;634295
OI.N;O-I GLASS INC ORD;UNITED STATES;BKLKXD2;US67098H1041;STANDARD;Developed;OI
SIAL.SI;SINGAPORE AIRLINES LTD ORD;SINGAPORE;6811734;SG1V61937297;STANDARD;Developed;681198
DAST.PA;DASSAULT SYSTEMES SE ORD;FRANCE;BM8H5Y5;FR0014003TT8;STANDARD;Developed;533004
ARX.TO;ARC RESOURCES LTD ORD;CANADA;B6463M8;CA00208D4084;STANDARD;Developed;205224
AME.N;AMETEK INC ORD;UNITED STATES;2089212;US0311001004;STANDARD;Developed;AME
FE.N;FIRSTENERGY CORP ORD;UNITED STATES;2100920;US3379321074;STANDARD;Developed;FE
MGM.N;MGM RESORTS INTERNATIONAL ORD;UNITED STATES;2547419;US5529531015;STANDARD;Developed;MGG
AMT.N;AMERICAN TOWER CORP ORD;UNITED STATES;B7FBFL2;US03027X1000;STANDARD;Developed;AMT
DBSM.SI;DBS GROUP HOLDINGS LTD ORD;SINGAPORE;6175203;SG1L01001701;STANDARD;Developed;626551
ANF.N;ABERCROMBIE & FITCH CO ORD;UNITED STATES;2004185;US0028962076;STANDARD;Developed;ANF
SRE.N;SEMPRA ORD;UNITED STATES;2138158;US8168511090;STANDARD;Developed;SRE
RSG.N;REPUBLIC SERVICES INC ORD;UNITED STATES;2262530;US7607591002;STANDARD;Developed;RSG
CCI.N;CROWN CASTLE INC ORD;UNITED STATES;BTGQCX1;US22822V1017;STANDARD;Developed;TWRS
EBAY.OQ;EBAY INC ORD;UNITED STATES;2293819;US2786421030;STANDARD;Developed;EBAY
PX.N;PRAXAIR INC ORD;UNITED STATES;BLB56T1;US69376K1060;STANDARD;Developed;PX
GS.N;GOLDMAN SACHS GROUP INC ORD;UNITED STATES;2407966;US38141G1040;STANDARD;Developed;GS
CNX.N;CNX RESOURCES CORP ORD;UNITED STATES;BF3FTF4;US12653C1080;STANDARD;Developed;CNX
AIR.PA;AIRBUS SE ORD;NETHERLANDS;4012250;NL0000235190;STANDARD;Developed;401225
BLK.N;BLACKROCK INC ORD;UNITED STATES;BMZBBT7;US09290D1019;STANDARD;Developed;BLK
A.N;AGILENT TECHNOLOGIES INC ORD;UNITED STATES;2520153;US00846U1016;STANDARD;Developed;A
NICE.TA;NICE LTD ORD;ISRAEL;6647133;IL0002730112;STANDARD;Developed;IL00FI
KPLM.SI;KEPPEL LTD ORD;SINGAPORE;B1VQ5C0;SG1U68934629;STANDARD;Developed;649026
NSISb.CO;NOVOZYMES A/S ORD;DENMARK;B798FW0;DK0060336014;STANDARD;Developed;465853
RCL.N;ROYAL CARIBBEAN CRUISES LTD ORD;UNITED STATES;2754907;LR0008862868;STANDARD;Developed;RCL
DFS.N;DISCOVER FINANCIAL SERVICES ORD;UNITED STATES;B1YLC43;US2547091080;STANDARD;Developed;U0105
FTI.N;FMC TECHNOLOGIES INC ORD;UNITED STATES;BDSFG98;GB00BDSFG982;STANDARD;Developed;487416
HEIG.DE;HEIDELBERG MATERIALS AG ORD;GERMANY;5120679;DE0006047004;STANDARD;Developed;441870
SDFGn.DE;K+S AG ORD;GERMANY;B54C017;DE000KSAG888;STANDARD;Developed;576162
6752.T;PANASONIC HOLDINGS CORP ORD;JAPAN;6572707;JP3866800000;STANDARD;Developed;657270
8766.T;TOKIO MARINE HOLDINGS INC ORD;JAPAN;6513126;JP3910660004;STANDARD;Developed;651312
LLC.AX;LENDLEASE GROUP;AUSTRALIA;6512004;AU000000LLC3;STANDARD;Developed;651200
AAL.L;ANGLO AMERICAN PLC ORD;UNITED KINGDOM;B1XZS82;GB00B1XZS820;STANDARD;Developed;490151
VZ.N;VERIZON COMMUNICATIONS INC ORD;UNITED STATES;2090571;US92343V1044;STANDARD;Developed;BEL
0101.HK;HANG LUNG PROPERTIES LTD ORD;HONG KONG;6030506;HK0101000591;STANDARD;Developed;603050
ITRK.L;INTERTEK GROUP PLC ORD;UNITED KINGDOM;3163836;GB0031638363;STANDARD;Developed;316383
WYNN.OQ;WYNN RESORTS LTD ORD;UNITED STATES;2963811;US9831341071;STANDARD;Developed;WYNN
EXPD.K;EXPEDITORS INTERNATIONAL OF WASHINGTON INC ORD;UNITED STATES;2325507;US3021301094;STANDARD;Developed;EXPD
FFH.TO;FAIRFAX FINANCIAL HOLDINGS LTD ORD;CANADA;2566351;CA3039011026;STANDARD;Developed;T.FFH
BEN.N;FRANKLIN RESOURCES INC ORD;UNITED STATES;2350684;US3546131018;STANDARD;Developed;BEN
HSY.N;HERSHEY CO ORD;UNITED STATES;2422806;US4278661081;STANDARD;Developed;HSY
LRCX.OQ;LAM RESEARCH CORP ORD;UNITED STATES;BSML4N7;US5128073062;STANDARD;Developed;LRCX
LOW.N;LOWE'S COMPANIES INC ORD;UNITED STATES;2536763;US5486611073;STANDARD;Developed;LOW
MMC.N;MARSH & MCLENNAN COMPANIES INC ORD;UNITED STATES;2567741;US5717481023;STANDARD;Developed;MMC
COP.N;CONOCOPHILLIPS ORD;UNITED STATES;2685717;US20825C1045;STANDARD;Developed;P
ADEN.S;ADECCO GROUP AG ORD;SWITZERLAND;7110720;CH0012138605;STANDARD;Developed;400702
0001.HK;CHEUNG KONG HOLDINGS LTD ORD;HONG KONG;BW9P816;KYG217651051;STANDARD;Developed;619027
TEF.MC;TELEFONICA SA ORD;SPAIN;5732524;ES0178430E18;STANDARD;Developed;488082
TCFP.PA;THALES SA ORD;FRANCE;4162791;FR0000121329;STANDARD;Developed;416279
TYRES.HE;NOKIAN TYRES PLC ORD;FINLAND;B07G378;FI0009005318;STANDARD;Developed;464327
MRCG.DE;MERCK KGAA ORD;GERMANY;4741844;DE0006599905;STANDARD;Developed;474184
CECG.DE;CECONOMY AG ORD;GERMANY;5041413;DE0007257503;STANDARD;Developed;504141
CNR.TO;CANADIAN NATIONAL RAILWAY CO ORD;CANADA;2180632;CA1363751027;STANDARD;Developed;TCNR
NOVN.S;NOVARTIS AG ORD;SWITZERLAND;7103065;CH0012005267;STANDARD;Developed;477408
ERST.VI;ERSTE GROUP BANK AG ORD;AUSTRIA;5289837;AT0000652011;STANDARD;Developed;528983
RBA.TO;RB GLOBAL INC ORD;UNITED STATES;BMWGTH9;CA74935Q1072;STANDARD;Developed;234539
ALSO.PA;ALSTOM SA ORD;FRANCE;B0DJ8Q5;FR0010220475;STANDARD;Developed;547497
CTSH.OQ;COGNIZANT TECHNOLOGY SOLUTIONS CORP ORD;UNITED STATES;2257019;US1924461023;STANDARD;Developed;CTSH
KGF.L;KINGFISHER PLC ORD;UNITED KINGDOM;3319521;GB0033195214;STANDARD;Developed;98111
0004.HK;WHARF HOLDINGS LTD ORD;HONG KONG;6435576;HK0004000045;STANDARD;Developed;643557
RR.L;ROLLS-ROYCE HOLDINGS PLC ORD;UNITED KINGDOM;B63H849;GB00B63H8491;STANDARD;Developed;74776
FFIV.OQ;F5 INC ORD;UNITED STATES;2427599;US3156161024;STANDARD;Developed;FFIV
ELISA.HE;ELISA OYJ ORD;FINLAND;5701513;FI0009007884;STANDARD;Developed;570151
4732.T;USS CO LTD ORD;JAPAN;6171494;JP3944130008;STANDARD;Developed;617149
GIVN.S;GIVAUDAN SA ORD;SWITZERLAND;5980613;CH0010645932;STANDARD;Developed;598061
INTU.OQ;INTUIT INC ORD;UNITED STATES;2459020;US4612021034;STANDARD;Developed;INTU
UHR.S;SWATCH GROUP AG ORD;SWITZERLAND;7184725;CH0012255151;STANDARD;Developed;476240
AZN.L;ASTRAZENECA PLC ORD;UNITED KINGDOM;989529;GB0009895292;STANDARD;Developed;98952
EQR.N;EQUITY RESIDENTIAL ORD;UNITED STATES;2319157;US29476L1070;STANDARD;Developed;EQR
KYGa.I;KERRY GROUP PLC ORD;IRELAND;4519579;IE0004906560;STANDARD;Developed;49065
UU.L;UNITED UTILITIES GROUP PLC ORD;UNITED KINGDOM;B39J2M4;GB00B39J2M42;STANDARD;Developed;64623
HOLN.S;HOLCIM AG ORD;SWITZERLAND;7110753;CH0012214059;STANDARD;Developed;442048
AXP.N;AMERICAN EXPRESS CO ORD;UNITED STATES;2026082;US0258161092;STANDARD;Developed;AXP
XOM.N;EXXON MOBIL CORP ORD;UNITED STATES;2326618;US30231G1022;STANDARD;Developed;XON
FM.TO;FIRST QUANTUM MINERALS LTD ORD;CANADA;2347608;CA3359341052;STANDARD;Developed;234760
KMX.N;CARMAX INC ORD;UNITED STATES;2983563;US1431301027;STANDARD;Developed;KMX
HSBA.L;HSBC HOLDINGS PLC ORD;UNITED KINGDOM;540528;GB0005405286;STANDARD;Developed;40054
UTDI.DE;UNITED INTERNET AG ORD;GERMANY;4354134;DE0005089031;STANDARD;Developed;435413
MAERSKb.CO;AP MOELLER - MAERSK A/S ORD;DENMARK;4253048;DK0010244508;STANDARD;Developed;425304
8316.T;SUMITOMO MITSUI FINANCIAL GROUP INC ORD;JAPAN;6563024;JP3890350006;STANDARD;Developed;656302
STMPA.PA;STMICROELECTRONICS NV ORD;NETHERLANDS;5962332;NL0000226223;STANDARD;Developed;477670
VOES.VI;VOESTALPINE AG ORD;AUSTRIA;4943402;AT0000937503;STANDARD;Developed;494340
8593.T;MITSUBISHI HC CAPITAL INC ORD;JAPAN;6268976;JP3499800005;STANDARD;Developed;626897
CPU.AX;COMPUTERSHARE LTD ORD;AUSTRALIA;6180412;AU000000CPU5;STANDARD;Developed;618041
ILCO.TA;ISRAEL CORPORATION LTD ORD;ISRAEL;6889678;IL0005760173;STANDARD;Developed;IL0058
SHL.AX;SONIC HEALTHCARE LTD ORD;AUSTRALIA;6821120;AU000000SHL7;STANDARD;Developed;682112
TENR.MI;TENARIS SA ORD;LUXEMBOURG;BMHVLR3;LU2598331598;STANDARD;Developed;753851
CBRE.K;CBRE GROUP INC ORD;UNITED STATES;B6WVMH3;US12504L1098;STANDARD;Developed;CBG
IBE.MC;IBERDROLA SA ORD;SPAIN;B288C92;ES0144580Y14;STANDARD;Developed;442464
ESLX.PA;ESSILORLUXOTTICA SA ORD;FRANCE;7212477;FR0000121667;STANDARD;Developed;430376
PERP.PA;PERNOD RICARD SA ORD;FRANCE;4682329;FR0000120693;STANDARD;Developed;468232
VLLP.PA;VALLOUREC SA ORD;FRANCE;BLGWF90;FR0013506730;STANDARD;Developed;492644
BP.L;BP PLC ORD;UNITED KINGDOM;798059;GB0007980591;STANDARD;Developed;13849
VOD.L;VODAFONE GROUP PLC ORD;UNITED KINGDOM;BH4HKS3;GB00BH4HKS39;STANDARD;Developed;71921
AAP.N;ADVANCE AUTO PARTS INC ORD;UNITED STATES;2822019;US00751Y1064;STANDARD;Developed;AAP
7751.T;CANON INC ORD;JAPAN;6172323;JP3242800005;STANDARD;Developed;617232
HEIN.AS;HEINEKEN NV ORD;NETHERLANDS;7792559;NL0000009165;STANDARD;Developed;441930
GASI.MI;ASSICURAZIONI GENERALI SPA ORD;ITALY;4056719;IT0000062072;STANDARD;Developed;405671
SEBa.ST;SKANDINAVISKA ENSKILDA BANKEN AB ORD;SWEDEN;4813345;SE0000148884;STANDARD;Developed;481334
AVB.N;AVALONBAY COMMUNITIES INC ORD;UNITED STATES;2131179;US0534841012;STANDARD;Developed;AVB
BK.N;BANK OF NEW YORK MELLON CORP ORD;UNITED STATES;B1Z77F6;US0640581007;STANDARD;Developed;BK
ALB.N;ALBEMARLE CORP ORD;UNITED STATES;2046853;US0126531013;STANDARD;Developed;ALB
BDX.N;BECTON DICKINSON AND CO ORD;UNITED STATES;2087807;US0758871091;STANDARD;Developed;BDX
BBY.N;BEST BUY CO INC ORD;UNITED STATES;2094670;US0865161014;STANDARD;Developed;BBY
CAT.N;CATERPILLAR INC ORD;UNITED STATES;2180201;US1491231015;STANDARD;Developed;CAT
CAG.N;CONAGRA BRANDS INC ORD;UNITED STATES;2215460;US2058871029;STANDARD;Developed;CAG
ECL.N;ECOLAB INC ORD;UNITED STATES;2304227;US2788651006;STANDARD;Developed;ECL
MAS.N;MASCO CORP ORD;UNITED STATES;2570200;US5745991068;STANDARD;Developed;MAS
NEM.N;NEWMONT CORPORATION ORD;UNITED STATES;2636607;US6516391066;STANDARD;Developed;NEM
NOC.N;NORTHROP GRUMMAN CORP ORD;UNITED STATES;2648806;US6668071029;STANDARD;Developed;NOC
CRM.N;SALESFORCE INC ORD;UNITED STATES;2310525;US79466L3024;STANDARD;Developed;SFC
SO.N;SOUTHERN CO ORD;UNITED STATES;2829601;US8425871071;STANDARD;Developed;SO
STT.N;STATE STREET CORP ORD;UNITED STATES;2842040;US8574771031;STANDARD;Developed;STBK
SYY.N;SYSCO CORP ORD;UNITED STATES;2868165;US8718291078;STANDARD;Developed;SYY
TMO.N;THERMO FISHER SCIENTIFIC INC ORD;UNITED STATES;2886907;US8835561023;STANDARD;Developed;TMO
TOL.N;TOLL BROTHERS INC ORD;UNITED STATES;2896092;US8894781033;STANDARD;Developed;TOL
WMT.N;WALMART INC ORD;UNITED STATES;2936921;US9311421039;STANDARD;Developed;WMT
WDC.OQ;WESTERN DIGITAL CORP ORD;UNITED STATES;2954699;US9581021055;STANDARD;Developed;WDC
AKZO.AS;AKZO NOBEL NV ORD;NETHERLANDS;BJ2KSG2;NL0013267909;STANDARD;Developed;401190
SAN.MC;BANCO SANTANDER SA ORD;SPAIN;5705946;ES0113900J37;STANDARD;Developed;407228
UPM.HE;UPM-KYMMENE OYJ ORD;FINLAND;5051252;FI0009005987;STANDARD;Developed;505125
APH.N;AMPHENOL CORP ORD;UNITED STATES;2145084;US0320951017;STANDARD;Developed;APH
MCD.N;MCDONALD'S CORP ORD;UNITED STATES;2550707;US5801351017;STANDARD;Developed;MCD
SCAb.ST;SVENSKA CELLULOSA AKTIEBOLAGET SCA ORD;SWEDEN;B1VVGZ5;SE0000112724;STANDARD;Developed;486537
SSE.L;SSE PLC ORD;UNITED KINGDOM;790873;GB0007908733;STANDARD;Developed;79087
DTEGn.DE;DEUTSCHE TELEKOM AG ORD;GERMANY;5842359;DE0005557508;STANDARD;Developed;511938
BXP.N;BXP INC ORD;UNITED STATES;2019479;US1011211018;STANDARD;Developed;BXP
VLO.N;VALERO ENERGY CORP ORD;UNITED STATES;2041364;US91913Y1001;STANDARD;Developed;VLO
DHI.N;DR HORTON INC ORD;UNITED STATES;2250687;US23331A1097;STANDARD;Developed;DHI
AKAM.OQ;AKAMAI TECHNOLOGIES INC ORD;UNITED STATES;2507457;US00971T1016;STANDARD;Developed;AKAM
SE.N;SPECTRA ENERGY CORP ORD;UNITED STATES;BYWD7L4;US81141R1005;STANDARD;Developed;SG10AJ
SGXL.SI;SINGAPORE EXCHANGE LTD ORD;SINGAPORE;6303866;SG1J26887955;STANDARD;Developed;630386
LAND.L;LAND SECURITIES GROUP PLC ORD;UNITED KINGDOM;BYW0PQ6;GB00BYW0PQ60;STANDARD;Developed;50450
RIO.AX;RIO TINTO LTD ORD;AUSTRALIA;6220103;AU000000RIO1;STANDARD;Developed;622010
TLIT.MI;TELECOM ITALIA SPA ORD;ITALY;7634394;IT0003497168;STANDARD;Developed;465940
SKFb.ST;SKF AB ORD;SWEDEN;B1Q3J35;SE0000108227;STANDARD;Developed;476706
ALTR.OQ;ALTERA CORP ORD;UNITED STATES;BD6D4Y5;US0213691035;STANDARD;Developed;US95YY
AMGN.OQ;AMGEN INC ORD;UNITED STATES;2023607;US0311621009;STANDARD;Developed;AMGN
8411.T;MIZUHO FINANCIAL GROUP INC ORD;JAPAN;6591014;JP3885780001;STANDARD;Developed;625024
KLAC.OQ;KLA CORP ORD;UNITED STATES;2480138;US4824801009;STANDARD;Developed;KLAC
BMWG.DE;BAYERISCHE MOTOREN WERKE AG ORD;GERMANY;5756029;DE0005190003;STANDARD;Developed;408522
0013.HK;HUTCHISON WHAMPOA LTD ORD;HONG KONG;BNTDT81;KYG4672N1198;STANDARD;Developed;CN2D2G
TKAG.DE;THYSSENKRUPP AG ORD;GERMANY;5636927;DE0007500001;STANDARD;Developed;489108
CHRW.OQ;CH ROBINSON WORLDWIDE INC ORD;UNITED STATES;2116228;US12541W2098;STANDARD;Developed;CHRW
VRSN.OQ;VERISIGN, INC ORD;UNITED STATES;2142922;US92343E1029;STANDARD;Developed;VRSN
REL.L;RELX PLC ORD;UNITED KINGDOM;B2B0DG9;GB00B2B0DG97;STANDARD;Developed;73087
FLEX.OQ;FLEX LTD ORD;SINGAPORE;2353058;SG9999000020;STANDARD;Developed;FLEX
CSCO.OQ;CISCO SYSTEMS INC ORD;UNITED STATES;2198163;US17275R1023;STANDARD;Developed;CSCO
QBE.AX;QBE INSURANCE GROUP LTD ORD;AUSTRALIA;6715740;AU000000QBE9;STANDARD;Developed;671574
IMO.TO;IMPERIAL OIL LTD ORD;CANADA;2454241;CA4530384086;STANDARD;Developed;T.IMO
DB1Gn.DE;DEUTSCHE BOERSE AG ORD;GERMANY;7021963;DE0005810055;STANDARD;Developed;702196
MWDP.PA;WENDEL SE ORD;FRANCE;7390113;FR0000121204;STANDARD;Developed;588171
CRDA.L;CRODA INTERNATIONAL PLC ORD;UNITED KINGDOM;BJFFLV0;GB00BJFFLV09;STANDARD;Developed;900476
4544.T;H.U. GROUP HOLDINGS INC ORD;JAPAN;6356611;JP3822000000;STANDARD;Developed;635661
8955.T;JAPAN PRIME REALTY INVESTMENT CORP ORD;JAPAN;6528175;JP3040890000;STANDARD;Developed;652817
WOR.AX;WORLEY LTD ORD;AUSTRALIA;6562474;AU000000WOR2;STANDARD;Developed;656247
LFSYF.PK;LIFESTYLE INTERNATIONAL HOLDINGS LTD ORD;HONG KONG;B05PR19;KYG548561284;STANDARD;Developed;B00LN4
CG.TO;CENTERRA GOLD INC ORD;CANADA;B01NXQ4;CA1520061021;STANDARD;Developed;B01NXQ
8570.T;AEON FINANCIAL SERVICE CO LTD ORD;JAPAN;6037734;JP3131400008;STANDARD;Developed;603773
FTT.TO;FINNING INTERNATIONAL INC ORD;CANADA;2339177;CA3180714048;STANDARD;Developed;FTT
GAGR.SI;GOLDEN AGRI-RESOURCES LTD ORD;SINGAPORE;6164472;MU0117U00026;STANDARD;Developed;616447
VOWG_p.DE;VOLKSWAGEN AG;GERMANY;5497168;DE0007664039;STANDARD;Developed;EG7
SESFd.PA;SES FDR;LUXEMBOURG;B00ZQQ2;LU0088087324;STANDARD;Developed;B00ZQQ
CU.TO;CANADIAN UTILITIES LTD ORD;CANADA;2172639;CA1367178326;STANDARD;Developed;CU.X
TEVA.TA;TEVA PHARMACEUTICAL INDUSTRIES LTD ORD;ISRAEL;6882172;IL0006290147;STANDARD;Developed;IL0025
FMG.AX;FORTESCUE LTD ORD;AUSTRALIA;6086253;AU000000FMG4;STANDARD;Developed;608625
ISRG.OQ;INTUITIVE SURGICAL INC ORD;UNITED STATES;2871301;US46120E6023;STANDARD;Developed;ISRG
1299.HK;AIA GROUP LTD ORD;HONG KONG;B4TX8S1;HK0000069689;STANDARD;Developed;HK1013
GEBN.S;GEBERIT AG ORD;SWITZERLAND;B1WGG93;CH0030170408;STANDARD;Developed;672626
TDC.N;TERADATA CORP ORD;UNITED STATES;B247H10;US88076W1036;STANDARD;Developed;U0188
ULTA.OQ;ULTA BEAUTY INC ORD;UNITED STATES;B28TS42;US90384S3031;STANDARD;Developed;US02E2
FNV.TO;FRANCO-NEVADA CORP ORD;CANADA;B29NF31;CA3518581051;STANDARD;Developed;AC064
IVZ.N;INVESCO LTD ORD;UNITED STATES;B28XP76;BMG491BT1088;STANDARD;Developed;AVZ
NFLX.OQ;NETFLIX INC ORD;UNITED STATES;2857817;US64110L1061;STANDARD;Developed;NFLX
V.N;VISA INC ORD;UNITED STATES;B2PZN04;US92826C8394;STANDARD;Developed;U0401
PM.N;PHILIP MORRIS INTERNATIONAL INC ORD;UNITED STATES;B2PKRQ3;US7181721090;STANDARD;Developed;U0414
TRI.TO;THOMSON REUTERS CORP ORD;CANADA;BPLLTY3;CA8849038085;STANDARD;Developed;TOC
AWK.N;AMERICAN WATER WORKS COMPANY INC ORD;UNITED STATES;B2R3PV1;US0304201033;STANDARD;Developed;U0422
ACN.N;ACCENTURE PLC ORD;IRELAND;B4BNMY3;IE00B4BNMY34;STANDARD;Developed;ACN
ABT.N;ABBOTT LABORATORIES ORD;UNITED STATES;2002305;US0028241000;STANDARD;Developed;ABT
ACCP.PA;ACCOR SA ORD;FRANCE;5852842;FR0000120404;STANDARD;Developed;411232
CB;CHUBB LTD ORD;SWITZERLAND;B3BQMF6;CH0044328745;STANDARD;Developed;ACL
ADBE.OQ;ADOBE INC ORD;UNITED STATES;2008154;US00724F1012;STANDARD;Developed;ADBE
AFL.N;AFLAC INC ORD;UNITED STATES;2026361;US0010551028;STANDARD;Developed;AFL
AEGN.AS;AEGON LTD ORD;NETHERLANDS;BPH0Y27;BMG0112X1056;STANDARD;Developed;400609
AES.N;AES CORP ORD;UNITED STATES;2002479;US00130H1059;STANDARD;Developed;AES
0522.HK;ASMPT LTD ORD;HONG KONG;6002453;KYG0535Q1331;STANDARD;Developed;600245
ALVG.DE;ALLIANZ SE ORD;GERMANY;5231485;DE0008404005;STANDARD;Developed;401632
BFH;BREAD FINANCIAL HOLDINGS INC ORD;UNITED STATES;2762030;US0185811082;STANDARD;Developed;ADS
APD.N;AIR PRODUCTS AND CHEMICALS INC ORD;UNITED STATES;2011602;US0091581068;STANDARD;Developed;APD
ALL.N;ALLSTATE CORP ORD;UNITED STATES;2019952;US0200021014;STANDARD;Developed;ALL
ATI.N;ATI INC ORD;UNITED STATES;2526117;US01741R1023;STANDARD;Developed;ALS
AMZN.OQ;AMAZON.COM INC ORD;UNITED STATES;2000019;US0231351067;STANDARD;Developed;AMZN
PLD.N;PROLOGIS INC ORD;UNITED STATES;B44WZD7;US74340W1036;STANDARD;Developed;AMB
AMP.AX;AMP LTD ORD;AUSTRALIA;6709958;AU000000AMP6;STANDARD;Developed;611571
AIG.N;AMERICAN INTERNATIONAL GROUP INC ORD;UNITED STATES;2027342;US0268747849;STANDARD;Developed;AIG
AEP.O;AMERICAN ELECTRIC POWER COMPANY INC ORD;UNITED STATES;2026242;US0255371017;STANDARD;Developed;AEP
AAPL.OQ;APPLE INC ORD;UNITED STATES;2046251;US0378331005;STANDARD;Developed;AAPL
AMAT.OQ;APPLIED MATERIALS INC ORD;UNITED STATES;2046552;US0382221051;STANDARD;Developed;AMAT
ANDR.VI;ANDRITZ AG ORD;AUSTRIA;B1WVF68;AT0000730007;STANDARD;Developed;714131
NLY.N;ANNALY CAPITAL MANAGEMENT INC ORD;UNITED STATES;BPMQ7X2;US0357108390;STANDARD;Developed;NLY
ADM.N;ARCHER-DANIELS-MIDLAND CO ORD;UNITED STATES;2047317;US0394831020;STANDARD;Developed;ADM
T.N;AT&T INC ORD;UNITED STATES;2831811;US00206R1023;STANDARD;Developed;SBC
ARW.N;ARROW ELECTRONICS INC ORD;UNITED STATES;2051404;US0427351004;STANDARD;Developed;ARW
ADSK.OQ;AUTODESK INC ORD;UNITED STATES;2065159;US0527691069;STANDARD;Developed;ACAD
ATCOa.ST;ATLAS COPCO AB ORD;SWEDEN;BLDBN41;SE0017486889;STANDARD;Developed;405097
BBVA.MC;BANCO BILBAO VIZCAYA ARGENTARIA SA ORD;SPAIN;5501906;ES0113211835;STANDARD;Developed;409985
BAES.L;BAE SYSTEMS PLC ORD;UNITED KINGDOM;263494;GB0002634946;STANDARD;Developed;12715
SABE.MC;BANCO DE SABADELL SA ORD;SPAIN;B1X8QN2;ES0113860A34;STANDARD;Developed;709538
BAX.N;BAXTER INTERNATIONAL INC ORD;UNITED STATES;2085102;US0718131099;STANDARD;Developed;BAX
BMO.TO;BANK OF MONTREAL ORD;CANADA;2076009;CA0636711016;STANDARD;Developed;BMO
0023.HK;BANK OF EAST ASIA LTD ORD;HONG KONG;6075648;HK0023000190;STANDARD;Developed;607564
BNS.TO;BANK OF NOVA SCOTIA ORD;CANADA;2076281;CA0641491075;STANDARD;Developed;BNS
BAC.N;BANK OF AMERICA CORP ORD;UNITED STATES;2295677;US0605051046;STANDARD;Developed;NB
BARC.L;BARCLAYS PLC ORD;UNITED KINGDOM;3134865;GB0031348658;STANDARD;Developed;7820
ABX.TO;BARRICK GOLD CORP ORD;CANADA;2024644;CA0679011084;STANDARD;Developed;ABX
BRKb.N;BERKSHIRE HATHAWAY INC ORD;UNITED STATES;2073390;US0846707026;STANDARD;Developed;BRKB
BHP.AX;BHP GROUP LTD ORD;AUSTRALIA;6144690;AU000000BHP4;STANDARD;Developed;614469
BICP.PA;SOCIETE BIC SA ORD;FRANCE;5298781;FR0000120966;STANDARD;Developed;409590
BBDb.TO;BOMBARDIER INC ORD;CANADA;BN33PL2;CA0977518616;STANDARD;Developed;BBD.B
BNPP.PA;BNP PARIBAS SA ORD;FRANCE;7309681;FR0000131104;STANDARD;Developed;413366
BG.N;BUNGE GLOBAL SA ORD;UNITED STATES;BQ6BPG9;CH1300646267;STANDARD;Developed;BG
BMY.N;BRISTOL-MYERS SQUIBB CO ORD;UNITED STATES;2126335;US1101221083;STANDARD;Developed;BMY
BSX.N;BOSTON SCIENTIFIC CORP ORD;UNITED STATES;2113434;US1011371077;STANDARD;Developed;BSX
BOUY.PA;BOUYGUES SA ORD;FRANCE;4002121;FR0000120503;STANDARD;Developed;411515
BATS.L;BRITISH AMERICAN TOBACCO PLC ORD;UNITED KINGDOM;287580;GB0002875804;STANDARD;Developed;28758
BLND.L;BRITISH LAND COMPANY PLC ORD;UNITED KINGDOM;136701;GB0001367019;STANDARD;Developed;13670
BT.L;BT GROUP PLC ORD;UNITED KINGDOM;3091357;GB0030913577;STANDARD;Developed;14084
CTRA.K;COTERRA ENERGY INC ORD;UNITED STATES;2162340;US1270971039;STANDARD;Developed;COG
CAGR.PA;CREDIT AGRICOLE SA ORD;FRANCE;7262610;FR0000045072;STANDARD;Developed;726261
COF.N;CAPITAL ONE FINANCIAL CORP ORD;UNITED STATES;2654461;US14040H1059;STANDARD;Developed;COF
CCO.TO;CAMECO CORP ORD;CANADA;2166160;CA13321L1085;STANDARD;Developed;TCCO
CNQ.TO;CANADIAN NATURAL RESOURCES LTD ORD;CANADA;2171573;CA1363851017;STANDARD;Developed;TCNQ
CM.TO;CANADIAN IMPERIAL BANK OF COMMERCE ORD;CANADA;2170525;CA1360691010;STANDARD;Developed;217052
CP.TO;CANADIAN PACIFIC KANSAS CITY LTD ORD;CANADA;BMBQR09;CA13646K1084;STANDARD;Developed;279311
CARR.PA;CARREFOUR SA ORD;FRANCE;5641567;FR0000120172;STANDARD;Developed;417754
6952.T;CASIO COMPUTER CO LTD ORD;JAPAN;6178967;JP3209000003;STANDARD;Developed;617896
CNA.L;CENTRICA PLC ORD;UNITED KINGDOM;B033F22;GB00B033F229;STANDARD;Developed;18390
GIBa.TO;CGI INC ORD;CANADA;BJ2L575;CA12532H1047;STANDARD;Developed;GIB.A
CVX.N;CHEVRON CORP ORD;UNITED STATES;2838555;US1667641005;STANDARD;Developed;CHV
9502.T;CHUBU ELECTRIC POWER CO INC ORD;JAPAN;6195609;JP3526600006;STANDARD;Developed;619560
0002.HK;CLP HOLDINGS LTD ORD;HONG KONG;6097017;HK0002007356;STANDARD;Developed;619091
CHD.N;CHURCH & DWIGHT CO INC ORD;UNITED STATES;2195841;US1713401024;STANDARD;Developed;CHD
CI.N;CIGNA GROUP ORD;UNITED STATES;BHJ0775;US1255231003;STANDARD;Developed;CI
CLX.N;CLOROX CO ORD;UNITED STATES;2204026;US1890541097;STANDARD;Developed;CLX
C.N;CITIGROUP INC ORD;UNITED STATES;2297907;US1729674242;STANDARD;Developed;TRV
2579.T;COCA-COLA BOTTLERS JAPAN HOLDINGS INC ORD;JAPAN;6163286;JP3293200006;STANDARD;Developed;616328
CPG.L;COMPASS GROUP PLC ORD;UNITED KINGDOM;BD6K457;GB00BD6K4575;STANDARD;Developed;53315
MICP.PA;COMPAGNIE GENERALE DES ETABLISSEMENTS MICHELIN SCA ORD;FRANCE;BPBPJ01;FR001400AJ45;STANDARD;Developed;458836
CL.N;COLGATE-PALMOLIVE CO ORD;UNITED STATES;2209106;US1941621039;STANDARD;Developed;CL
GLW.N;CORNING INC ORD;UNITED STATES;2224701;US2193501051;STANDARD;Developed;GLW
CRH;CRH PLC ORD;IRELAND;B01ZKD6;IE0001827041;STANDARD;Developed;US424W
CLB.N;CORE LABORATORIES INC ORD;UNITED STATES;BNKT9M2;US21867A1051;STANDARD;Developed;CLB
CSX.O;CSX CORP ORD;UNITED STATES;2160753;US1264081035;STANDARD;Developed;CSX
COST.OQ;COSTCO WHOLESALE CORP ORD;UNITED STATES;2701271;US22160K1051;STANDARD;Developed;PCCW
MBGn.DE;MERCEDES-BENZ GROUP AG ORD;GERMANY;5529027;DE0007100000;STANDARD;Developed;425240
DE.N;DEERE & CO ORD;UNITED STATES;2261203;US2441991054;STANDARD;Developed;DE
DHR.N;DANAHER CORP ORD;UNITED STATES;2250870;US2358511028;STANDARD;Developed;DHR
XRAY.OQ;DENTSPLY SIRONA INC ORD;UNITED STATES;BYNPPC6;US24906P1093;STANDARD;Developed;XRAY
DSV.CO;DSV A/S ORD;DENMARK;B1WT5G2;DK0060079531;STANDARD;Developed;587296
DBKGn.DE;DEUTSCHE BANK AG ORD;GERMANY;5750355;DE0005140008;STANDARD;Developed;426724
DG.N;DOLLAR GENERAL CORP ORD;UNITED STATES;B5B1S13;US2566771059;STANDARD;Developed;US012P
DLTR.OQ;DOLLAR TREE INC ORD;UNITED STATES;2272476;US2567461080;STANDARD;Developed;DLTR
D.N;DOMINION ENERGY INC ORD;UNITED STATES;2542049;US25746U1097;STANDARD;Developed;D
DOV.N;DOVER CORP ORD;UNITED STATES;2278407;US2600031080;STANDARD;Developed;DOV
DOW.N;DOW CHEMICAL CO ORD;UNITED STATES;BHXCF84;US2605571031;STANDARD;Developed;US9487
DTE.N;DTE ENERGY CO ORD;UNITED STATES;2280220;US2333311072;STANDARD;Developed;DTE
DD.N;E I DU PONT DE NEMOURS AND CO ORD;UNITED STATES;BK0VN47;US26614N1028;STANDARD;Developed;DOW
9020.T;EAST JAPAN RAILWAY CO ORD;JAPAN;6298542;JP3783600004;STANDARD;Developed;629854
ETN.N;EATON CORPORATION PLC ORD;IRELAND;B8KQN82;IE00B8KQN827;STANDARD;Developed;ETN
EIX.N;EDISON INTERNATIONAL ORD;UNITED STATES;2829515;US2810201077;STANDARD;Developed;SCE
EW.N;EDWARDS LIFESCIENCES CORP ORD;UNITED STATES;2567116;US28176E1082;STANDARD;Developed;EW
ELD.TO;ELDORADO GOLD CORP ORD;CANADA;BHZJ5Y9;CA2849025093;STANDARD;Developed;230787
ELUXb.ST;ELECTROLUX AB ORD;SWEDEN;BP81612;SE0016589188;STANDARD;Developed;430899
EA.OQ;ELECTRONIC ARTS INC ORD;UNITED STATES;2310194;US2855121099;STANDARD;Developed;ERTS
LLY.N;ELI LILLY AND CO ORD;UNITED STATES;2516152;US5324571083;STANDARD;Developed;LLY
EMC.N;EMC CORP ORD;UNITED STATES;BMCJX43;US60462F8207;STANDARD;Developed;EMC
ENB.TO;ENBRIDGE INC ORD;CANADA;2466149;CA29250N1050;STANDARD;Developed;IPL
ENEI.MI;ENEL SPA ORD;ITALY;7144569;IT0003128367;STANDARD;Developed;579802
EOG.N;EOG RESOURCES INC ORD;UNITED STATES;2318024;US26875P1012;STANDARD;Developed;EOG
EFX.N;EQUIFAX INC ORD;UNITED STATES;2319146;US2944291051;STANDARD;Developed;EFX
ERICb.ST;TELEFONAKTIEBOLAGET LM ERICSSON ORD;SWEDEN;5959378;SE0000108656;STANDARD;Developed;430384
EMR.N;EMERSON ELECTRIC CO ORD;UNITED STATES;2313405;US2910111044;STANDARD;Developed;EMR
EL.N;ESTEE LAUDER COMPANIES INC ORD;UNITED STATES;2320524;US5184391044;STANDARD;Developed;EL
ENI.MI;ENI SPA ORD;ITALY;7145056;IT0003132476;STANDARD;Developed;443639
EG;EVEREST GROUP LTD ORD;BERMUDA;2556868;BMG3223R1088;STANDARD;Developed;RE
FAST.OQ;FASTENAL CO ORD;UNITED STATES;2332262;US3119001044;STANDARD;Developed;FAST
FITB.OQ;FIFTH THIRD BANCORP ORD;UNITED STATES;2336747;US3167731005;STANDARD;Developed;FITB
LDOF.MI;LEONARDO SPA ORD;ITALY;B0DJNG0;IT0003856405;STANDARD;Developed;437915
FLS.N;FLOWSERVE CORP ORD;UNITED STATES;2288406;US34354P1057;STANDARD;Developed;FLS
FLR.N;FLUOR CORP ORD;UNITED STATES;2696838;US3434121022;STANDARD;Developed;FLR
F.N;FORD MOTOR CO ORD;UNITED STATES;2615468;US3453708600;STANDARD;Developed;F
FORTUM.HE;FORTUM OYJ ORD;FINLAND;5579550;FI0009007132;STANDARD;Developed;557955
FMEG.DE;FRESENIUS MEDICAL CARE AG ORD;GERMANY;5129074;DE0005785802;STANDARD;Developed;512907
GAP;GAP INC ORD;UNITED STATES;2360326;US3647601083;STANDARD;Developed;GPS
ORAN.PA;ORANGE SA ORD;FRANCE;5176177;FR0000133308;STANDARD;Developed;517617
FCX.N;FREEPORT-MCMORAN INC ORD;UNITED STATES;2352118;US35671D8570;STANDARD;Developed;FCXB
GE.N;GENERAL ELECTRIC CO ORD;UNITED STATES;BL59CR9;US3696043013;STANDARD;Developed;GE
GD.N;GENERAL DYNAMICS CORP ORD;UNITED STATES;2365161;US3695501086;STANDARD;Developed;GD
GPC.N;GENUINE PARTS CO ORD;UNITED STATES;2367480;US3724601055;STANDARD;Developed;GPC
GSK.L;GSK PLC ORD;UNITED KINGDOM;BN7SWP6;GB00BN7SWP63;STANDARD;Developed;37178
GILD.OQ;GILEAD SCIENCES INC ORD;UNITED STATES;2369174;US3755581036;STANDARD;Developed;GILD
GWW.N;WW GRAINGER INC ORD;UNITED STATES;2380863;US3848021040;STANDARD;Developed;GWW
GT.O;GOODYEAR TIRE & RUBBER CO ORD;UNITED STATES;2378200;US3825501014;STANDARD;Developed;GT
DANO.PA;DANONE SA ORD;FRANCE;B1Y9TB3;FR0000120644;STANDARD;Developed;407023
HRB.N;H & R BLOCK INC ORD;UNITED STATES;2105505;US0936711052;STANDARD;Developed;HRB
HAS.OQ;HASBRO INC ORD;UNITED STATES;2414580;US4180561072;STANDARD;Developed;HAS
HNKG_p.DE;HENKEL AG & CO KGAA;GERMANY;5076705;DE0006048432;STANDARD;Developed;442031
HMb.ST;H & M HENNES & MAURITZ AB ORD;SWEDEN;5687431;SE0000106270;STANDARD;Developed;440822
HP.N;HELMERICH AND PAYNE INC ORD;UNITED STATES;2420101;US4234521015;STANDARD;Developed;HP
HEXAb.ST;HEXAGON AB ORD;SWEDEN;BNZFHC1;SE0015961909;STANDARD;Developed;B096C6
0006.HK;POWER ASSETS HOLDINGS LTD ORD;HONG KONG;6435327;HK0006000050;STANDARD;Developed;643532
0011.HK;HANG SENG BANK LTD ORD;HONG KONG;6408374;HK0011000095;STANDARD;Developed;640837
HD.N;HOME DEPOT INC ORD;UNITED STATES;2434209;US4370761029;STANDARD;Developed;HD
7267.T;HONDA MOTOR CO LTD ORD;JAPAN;6435145;JP3854600008;STANDARD;Developed;643514
HON.O;HONEYWELL INTERNATIONAL INC ORD;UNITED STATES;2020459;US4385161066;STANDARD;Developed;ALD
6501.T;HITACHI LTD ORD;JAPAN;6429104;JP3788600009;STANDARD;Developed;642910
HUM.N;HUMANA INC ORD;UNITED STATES;2445063;US4448591028;STANDARD;Developed;HUM
IMG.TO;IAMGOLD CORP ORD;CANADA;2446646;CA4509131088;STANDARD;Developed;244664
0388.HK;HONG KONG EXCHANGES AND CLEARING LTD ORD;HONG KONG;6267359;HK0388045442;STANDARD;Developed;626735
IBM.N;INTERNATIONAL BUSINESS MACHINES CORP ORD;UNITED STATES;2005973;US4592001014;STANDARD;Developed;IBM
BIIB.OQ;BIOGEN INC ORD;UNITED STATES;2455965;US09062X1037;STANDARD;Developed;IDPH
IMFI.VI;IMMOFINANZ AG ORD;AUSTRIA;BFZ5BQ7;AT0000A21KS2;STANDARD;Developed;567991
IMB.L;IMPERIAL BRANDS PLC ORD;UNITED KINGDOM;454492;GB0004544929;STANDARD;Developed;45449
ITW.N;ILLINOIS TOOL WORKS INC ORD;UNITED STATES;2457552;US4523081093;STANDARD;Developed;ITW
ILU.AX;ILUKA RESOURCES LTD ORD;AUSTRALIA;6957575;AU000000ILU1;STANDARD;Developed;695757
IMI.L;IMI PLC ORD;UNITED KINGDOM;BGLP8L2;GB00BGLP8L22;STANDARD;Developed;45796
ITX.MC;INDUSTRIA DE DISENO TEXTIL SA ORD;SPAIN;BP9DL90;ES0148396007;STANDARD;Developed;711131
IFXGn.DE;INFINEON TECHNOLOGIES AG ORD;GERMANY;5889505;DE0006231004;STANDARD;Developed;588950
IPG.N;INTERPUBLIC GROUP OF COMPANIES INC ORD;UNITED STATES;2466321;US4606901001;STANDARD;Developed;IPG
IGT.N;INTERNATIONAL GAME TECHNOLOGY ORD;UNITED STATES;BVG7F06;GB00BVG7F061;STANDARD;Developed;US50D4
INTC.OQ;INTEL CORP ORD;UNITED STATES;2463247;US4581401001;STANDARD;Developed;INTC
IP.N;INTERNATIONAL PAPER CO ORD;UNITED STATES;2465254;US4601461035;STANDARD;Developed;IP
JPM.N;JPMORGAN CHASE & CO ORD;UNITED STATES;2190385;US46625H1005;STANDARD;Developed;CHL
2914.T;JAPAN TOBACCO INC ORD;JAPAN;6474535;JP3726800000;STANDARD;Developed;647453
BAER.S;JULIUS BAER GRUPPE AG ORD;SWITZERLAND;B4R2R50;CH0102484968;STANDARD;Developed;EY030
9503.T;KANSAI ELECTRIC POWER CO INC ORD;JAPAN;6483489;JP3228600007;STANDARD;Developed;648348
JCI.N;JOHNSON CONTROLS INC ORD;UNITED STATES;BY7QL61;IE00BY7QL619;STANDARD;Developed;TYC
JNJ.N;JOHNSON & JOHNSON ORD;UNITED STATES;2475833;US4781601046;STANDARD;Developed;JNJ
KMB.N;KIMBERLY-CLARK CORP ORD;UNITED STATES;2491839;US4943681035;STANDARD;Developed;KMB
K.TO;KINROSS GOLD CORP ORD;CANADA;B03Z841;CA4969024047;STANDARD;Developed;249231
6301.T;KOMATSU LTD ORD;JAPAN;6496584;JP3304200003;STANDARD;Developed;649658
PHG.AS;KONINKLIJKE PHILIPS NV ORD;NETHERLANDS;5986622;NL0000009538;STANDARD;Developed;468520
KSS.N;KOHLS CORP ORD;UNITED STATES;2496113;US5002551043;STANDARD;Developed;KSS
0027.HK;GALAXY ENTERTAINMENT GROUP LTD ORD;HONG KONG;6465874;HK0027032686;STANDARD;Developed;646587
AIRP.PA;L'AIR LIQUIDE SOCIETE ANONYME POUR L'ETUDE ET L'EXPLOITATION DES PROCEDES GEORGES CLAUDE SA ORD;FRANCE;B1YXBJ7;FR0000120073;STANDARD;Developed;401140
OREP.PA;L'OREAL SA ORD;FRANCE;4057808;FR0000120321;STANDARD;Developed;453478
KPN.AS;KONINKLIJKE KPN NV ORD;NETHERLANDS;5956078;NL0000009082;STANDARD;Developed;453456
KR.N;KROGER CO ORD;UNITED STATES;2497406;US5010441013;STANDARD;Developed;KR
LGEN.L;LEGAL & GENERAL GROUP PLC ORD;UNITED KINGDOM;560399;GB0005603997;STANDARD;Developed;51152
LNC.N;LINCOLN NATIONAL CORP ORD;UNITED STATES;2516378;US5341871094;STANDARD;Developed;LNC
LVMH.PA;LVMH MOET HENNESSY LOUIS VUITTON SE ORD;FRANCE;4061412;FR0000121014;STANDARD;Developed;454005
LMT.N;LOCKHEED MARTIN CORP ORD;UNITED STATES;2522096;US5398301094;STANDARD;Developed;LK
MAC.N;MACERICH CO ORD;UNITED STATES;2543967;US5543821012;STANDARD;Developed;MAC
LLOY.L;LLOYDS BANKING GROUP PLC ORD;UNITED KINGDOM;870612;GB0008706128;STANDARD;Developed;87061
EMG.L;MAN GROUP PLC ORD;UNITED KINGDOM;BJ1DLW9;JE00BJ1DLW90;STANDARD;Developed;29440
MFC.TO;MANULIFE FINANCIAL CORP ORD;CANADA;2492519;CA56501R1064;STANDARD;Developed;274642
MKS.L;MARKS AND SPENCER GROUP PLC ORD;UNITED KINGDOM;3127489;GB0031274896;STANDARD;Developed;56540
MAR.O;MARRIOTT INTERNATIONAL INC ORD;UNITED STATES;2210614;US5719032022;STANDARD;Developed;MARA
8252.T;MARUI GROUP CO LTD ORD;JAPAN;6569527;JP3870400003;STANDARD;Developed;656952
MRVL.OQ;MARVELL TECHNOLOGY INC ORD;UNITED STATES;BNKJSM5;US5738741041;STANDARD;Developed;MRVL
MKC.N;MCCORMICK & COMPANY INC ORD;UNITED STATES;2550161;US5797802064;STANDARD;Developed;MCCRK
MCK.N;MCKESSON CORP ORD;UNITED STATES;2378534;US58155Q1031;STANDARD;Developed;MKN
MRK.N;MERCK & CO INC ORD;UNITED STATES;2778844;US58933Y1055;STANDARD;Developed;MRK
MET.N;METLIFE INC ORD;UNITED STATES;2573209;US59156R1086;STANDARD;Developed;MET
MMM.N;3M CO ORD;UNITED STATES;2595708;US88579Y1010;STANDARD;Developed;MMM
8058.T;MITSUBISHI CORP ORD;JAPAN;6596785;JP3898400001;STANDARD;Developed;659678
8306.T;MITSUBISHI UFJ FINANCIAL GROUP INC ORD;JAPAN;6335171;JP3902900004;STANDARD;Developed;659668
8031.T;MITSUI & CO LTD ORD;JAPAN;6597302;JP3893600001;STANDARD;Developed;659730
MCHP.OQ;MICROCHIP TECHNOLOGY INC ORD;UNITED STATES;2592174;US5950171042;STANDARD;Developed;MCHP
MSFT.OQ;MICROSOFT CORP ORD;UNITED STATES;2588173;US5949181045;STANDARD;Developed;MSFT
MHK.N;MOHAWK INDUSTRIES INC ORD;UNITED STATES;2598699;US6081901042;STANDARD;Developed;MHK
MCO.N;MOODY'S CORP ORD;UNITED STATES;2252058;US6153691059;STANDARD;Developed;DNB
MSI.N;MOTOROLA SOLUTIONS INC ORD;UNITED STATES;B5BKPQ4;US6200763075;STANDARD;Developed;MOT
6981.T;MURATA MANUFACTURING CO LTD ORD;JAPAN;6610403;JP3914400001;STANDARD;Developed;661040
NAB.AX;NATIONAL AUSTRALIA BANK LTD ORD;AUSTRALIA;6624608;AU000000NAB4;STANDARD;Developed;662460
NTAP.OQ;NETAPP INC ORD;UNITED STATES;2630643;US64110D1046;STANDARD;Developed;NTAP
0017.HK;NEW WORLD DEVELOPMENT CO LTD ORD;HONG KONG;BM94GQ4;HK0000608585;STANDARD;Developed;663376
9432.T;NIPPON TELEGRAPH AND TELEPHONE CORP ORD;JAPAN;6641373;JP3735400008;STANDARD;Developed;664137
5401.T;NIPPON STEEL CORP ORD;JAPAN;6642569;JP3381000003;STANDARD;Developed;664256
NE.N;NOBLE CORPORATION PLC ORD;UNITED KINGDOM;BN2QTL0;GB00BMXNWH07;STANDARD;Developed;US3L4E
NOKIA.HE;NOKIA OYJ ORD;FINLAND;5902941;FI0009000681;STANDARD;Developed;463841
NKE.N;NIKE INC ORD;UNITED STATES;2640147;US6541061031;STANDARD;Developed;NKE
NHY.OL;NORSK HYDRO ASA ORD;NORWAY;B11HK39;NO0005052605;STANDARD;Developed;464580
NTRS.OQ;NORTHERN TRUST CORP ORD;UNITED STATES;2648668;US6658591044;STANDARD;Developed;NTRS
8604.T;NOMURA HOLDINGS INC ORD;JAPAN;6643108;JP3762600009;STANDARD;Developed;664310
NUE.N;NUCOR CORP ORD;UNITED STATES;2651086;US6703461052;STANDARD;Developed;NUE
NVDA.OQ;NVIDIA CORP ORD;UNITED STATES;2379504;US67066G1040;STANDARD;Developed;NVDA
ORLY.OQ;O'REILLY AUTOMOTIVE INC ORD;UNITED STATES;B65LWX6;US67103H1077;STANDARD;Developed;ORLY
OXY.N;OCCIDENTAL PETROLEUM CORP ORD;UNITED STATES;2655408;US6745991058;STANDARD;Developed;OXY
ORCL.K;ORACLE CORP ORD;UNITED STATES;2661568;US68389X1054;STANDARD;Developed;ORCL
ORI.AX;ORICA LTD ORD;AUSTRALIA;6458001;AU000000ORI1;STANDARD;Developed;645800
OTEX.TO;OPEN TEXT CORP ORD;CANADA;2260824;CA6837151068;STANDARD;Developed;683382
VERB.VI;VERBUND AG ORD;AUSTRIA;4661607;AT0000746409;STANDARD;Developed;466160
OKE.N;ONEOK INC ORD;UNITED STATES;2130109;US6826801036;STANDARD;Developed;OKE
PCAR.OQ;PACCAR INC ORD;UNITED STATES;2665861;US6937181088;STANDARD;Developed;PCAR
0008.HK;PCCW LTD ORD;HONG KONG;6574071;HK0008011667;STANDARD;Developed;616400
ORG.AX;ORIGIN ENERGY LTD ORD;AUSTRALIA;6214861;AU000000ORG5;STANDARD;Developed;611220
BTU.N;PEABODY ENERGY CORP ORD;UNITED STATES;BDVPZV0;US7045511000;STANDARD;Developed;US7182
PAAS.TO;PAN AMERICAN SILVER CORP ORD;CANADA;2669272;CA6979001089;STANDARD;Developed;266927
PNR.N;PENTAIR PLC ORD;UNITED KINGDOM;BLS09M3;IE00BLS09M33;STANDARD;Developed;PNR
PEP.O;PEPSICO INC ORD;UNITED STATES;2681511;US7134481081;STANDARD;Developed;PEP
MO.N;ALTRIA GROUP INC ORD;UNITED STATES;2692632;US02209S1033;STANDARD;Developed;MO
PVH.N;PVH CORP ORD;UNITED STATES;B3V9F12;US6936561009;STANDARD;Developed;PVH
PFE.N;PFIZER INC ORD;UNITED STATES;2684703;US7170811035;STANDARD;Developed;PFE
PRTP.PA;KERING SA ORD;FRANCE;5505072;FR0000121485;STANDARD;Developed;470384
PXD.MX;PIONEER NATURAL RESOURCES CO ORD;UNITED STATES;BKC5B32;US7237871071;STANDARD;Developed;PXD
RL.N;RALPH LAUREN CORP ORD;UNITED STATES;B4V9661;US7512121010;STANDARD;Developed;RL
POW.TO;POWER CORPORATION OF CANADA ORD;CANADA;2697701;CA7392391016;STANDARD;Developed;POW
PPL.N;PPL CORP ORD;UNITED STATES;2680905;US69351T1060;STANDARD;Developed;PPL
PNC.N;PNC FINANCIAL SERVICES GROUP INC ORD;UNITED STATES;2692665;US6934751057;STANDARD;Developed;PNC
PRU.L;PRUDENTIAL PLC ORD;UNITED KINGDOM;709954;GB0007099541;STANDARD;Developed;70995
PUBP.PA;PUBLICIS GROUPE SA ORD;FRANCE;4380429;FR0000130577;STANDARD;Developed;470774
PEG.N;PUBLIC SERVICE ENTERPRISE GROUP INC ORD;UNITED STATES;2707677;US7445731067;STANDARD;Developed;PEG
PSA.N;PUBLIC STORAGE ORD;UNITED STATES;2852533;US74460D1090;STANDARD;Developed;PSA
PFG.O;PRINCIPAL FINANCIAL GROUP INC ORD;UNITED STATES;2803014;US74251V1026;STANDARD;Developed;PFG
PG.N;PROCTER & GAMBLE CO ORD;UNITED STATES;2704407;US7427181091;STANDARD;Developed;PG
RAND.AS;RANDSTAD NV ORD;NETHERLANDS;5228658;NL0000379121;STANDARD;Developed;472370
RKT.L;RECKITT BENCKISER GROUP PLC ORD;UNITED KINGDOM;B24CGK7;GB00B24CGK77;STANDARD;Developed;72769
QCOM.OQ;QUALCOMM INC ORD;UNITED STATES;2714923;US7475251036;STANDARD;Developed;QCOM
PWR.N;QUANTA SERVICES INC ORD;UNITED STATES;2150204;US74762E1029;STANDARD;Developed;PWR
REGN.OQ;REGENERON PHARMACEUTICALS INC ORD;UNITED STATES;2730190;US75886F1075;STANDARD;Developed;REGN
RENA.PA;RENAULT SA ORD;FRANCE;4712798;FR0000131906;STANDARD;Developed;471279
RHC.AX;RAMSAY HEALTH CARE LTD ORD;AUSTRALIA;6041995;AU000000RHC8;STANDARD;Developed;604199
REP.MC;REPSOL SA ORD;SPAIN;5669354;ES0173516115;STANDARD;Developed;473322
RIO.L;RIO TINTO PLC ORD;UNITED KINGDOM;718875;GB0007188757;STANDARD;Developed;71887
ROST.OQ;ROSS STORES INC ORD;UNITED STATES;2746711;US7782961038;STANDARD;Developed;ROST
RHI.N;ROBERT HALF INC ORD;UNITED STATES;2110703;US7703231032;STANDARD;Developed;RHI
RY.TO;ROYAL BANK OF CANADA ORD;CANADA;2754383;CA7800871021;STANDARD;Developed;RY
RCIb.TO;ROGERS COMMUNICATIONS INC ORD;CANADA;2169051;CA7751092007;STANDARD;Developed;RCI.B
SASY.PA;SANOFI SA ORD;FRANCE;5671735;FR0000120578;STANDARD;Developed;477518
STO.AX;SANTOS LTD ORD;AUSTRALIA;6776703;AU000000STO6;STANDARD;Developed;677670
SAPG.DE;SAP SE ORD;GERMANY;4846288;DE0007164600;STANDARD;Developed;476361
SAP.TO;SAPUTO INC ORD;CANADA;2112226;CA8029121057;STANDARD;Developed;802912
SLB.N;SCHLUMBERGER NV ORD;UNITED STATES;2779201;AN8068571086;STANDARD;Developed;SLB
SCHN.PA;SCHNEIDER ELECTRIC SE ORD;FRANCE;4834108;FR0000121972;STANDARD;Developed;483410
S.N;SPRINT NEXTEL CORP ORD;UNITED STATES;BP7L1B8;US81730H1095;STANDARD;Developed;US3MJU
SCHP.S;SCHINDLER HOLDING AG;SWITZERLAND;B11TCY0;CH0024638196;STANDARD;Developed;733750
SVT.L;SEVERN TRENT PLC ORD;UNITED KINGDOM;B1FH8J7;GB00B1FH8J72;STANDARD;Developed;79851
4063.T;SHIN-ETSU CHEMICAL CO LTD ORD;JAPAN;6804585;JP3371200001;STANDARD;Developed;680458
SECUb.ST;SECURITAS AB ORD;SWEDEN;5554041;SE0000163594;STANDARD;Developed;478396
0016.HK;SUN HUNG KAI PROPERTIES LTD ORD;HONG KONG;6859927;HK0016000132;STANDARD;Developed;685992
0019.HK;SWIRE PACIFIC LTD ORD;HONG KONG;6867748;HK0019000162;STANDARD;Developed;686774
SIRI.OQ;SIRIUS XM HOLDINGS INC ORD;UNITED STATES;BQWS627;US8299331004;STANDARD;Developed;US008U
SN.L;SMITH & NEPHEW PLC ORD;UNITED KINGDOM;922320;GB0009223206;STANDARD;Developed;81660
SMIN.L;SMITHS GROUP PLC ORD;UNITED KINGDOM;B1WY233;GB00B1WY2338;STANDARD;Developed;81827
SOGN.PA;SOCIETE GENERALE SA ORD;FRANCE;5966516;FR0000130809;STANDARD;Developed;481775
EXHO.PA;SODEXO SA ORD;FRANCE;7062713;FR0000121220;STANDARD;Developed;481830
9984.T;SOFTBANK GROUP CORP ORD;JAPAN;6770620;JP3436100006;STANDARD;Developed;677062
SKAb.ST;SKANSKA AB ORD;SWEDEN;7142091;SE0000113250;STANDARD;Developed;481343
6758.T;SONY GROUP CORP ORD;JAPAN;6821506;JP3435000009;STANDARD;Developed;682150
SWN.MX;SOUTHWESTERN ENERGY CO ORD;UNITED STATES;BMF0CP7;US8454671095;STANDARD;Developed;SWN
EQNR.OL;EQUINOR ASA ORD;NORWAY;7133608;NO0010096985;STANDARD;Developed;713360
SGP.AX;STOCKLAND CORPORATION LTD;AUSTRALIA;6850856;AU000000SGP0;STANDARD;Developed;685085
STAN.L;STANDARD CHARTERED PLC ORD;UNITED KINGDOM;408284;GB0004082847;STANDARD;Developed;83860
SWK.N;STANLEY BLACK & DECKER INC ORD;UNITED STATES;B3Q2FJ4;US8545021011;STANDARD;Developed;SWK
SBUX.OQ;STARBUCKS CORP ORD;UNITED STATES;2842255;US8552441094;STANDARD;Developed;SBUX
SUN.N;SUNOCO INC ORD;UNITED STATES;BRTR130;US86765K1097;STANDARD;Developed;US3EFI
SHBa.ST;SVENSKA HANDELSBANKEN AB ORD;SWEDEN;BXDZ9Q1;SE0007100599;STANDARD;Developed;486863
TGT.N;TARGET CORP ORD;UNITED STATES;2259101;US87612E1064;STANDARD;Developed;DH
4502.T;TAKEDA PHARMACEUTICAL CO LTD ORD;JAPAN;6870445;JP3463000004;STANDARD;Developed;687044
SU.TO;SUNCOR ENERGY INC ORD;CANADA;B3NB1P2;CA8672241079;STANDARD;Developed;T.SU
TROW.OQ;T ROWE PRICE GROUP INC ORD;UNITED STATES;2702337;US74144T1088;STANDARD;Developed;TROW
TLITn.MI;TELECOM ITALIA SPA;ITALY;7634402;IT0003497176;STANDARD;Developed;484651
TELA.VI;TELEKOM AUSTRIA AG ORD;AUSTRIA;4635088;AT0000720008;STANDARD;Developed;463508
TEL.OL;TELENOR ASA ORD;NORWAY;4732495;NO0010063308;STANDARD;Developed;473249
TSCO.L;TESCO PLC ORD;UNITED KINGDOM;BLGZ986;GB00BLGZ9862;STANDARD;Developed;88470
TXN.OQ;TEXAS INSTRUMENTS INC ORD;UNITED STATES;2885409;US8825081040;STANDARD;Developed;TXN
TJX.N;TJX COMPANIES INC ORD;UNITED STATES;2989301;US8725401090;STANDARD;Developed;TJX
9501.T;TOKYO ELECTRIC POWER COMPANY HOLDINGS INC ORD;JAPAN;6895404;JP3585800000;STANDARD;Developed;689540
TD.TO;TORONTO-DOMINION BANK ORD;CANADA;2897222;CA8911605092;STANDARD;Developed;TDpD
TTEF.PA;TOTALENERGIES SE ORD;FRANCE;B15C557;FR0000120271;STANDARD;Developed;490541
7282.T;TOYODA GOSEI CO LTD ORD;JAPAN;6900557;JP3634200004;STANDARD;Developed;690055
7203.T;TOYOTA MOTOR CORP ORD;JAPAN;6900643;JP3633400001;STANDARD;Developed;690064
TSCO.OQ;TRACTOR SUPPLY CO ORD;UNITED STATES;2900335;US8923561067;STANDARD;Developed;TSCO
YUM.N;YUM! BRANDS INC ORD;UNITED STATES;2098876;US9884981013;STANDARD;Developed;YUM
RIG.N;TRANSOCEAN LTD ORD;SWITZERLAND;B3KFWW1;CH0048265513;STANDARD;Developed;RIG
TRP.TO;TC ENERGY CORP ORD;CANADA;BJMY6G0;CA87807B1076;STANDARD;Developed;TRP
CRDI.MI;UNICREDIT SPA ORD;ITALY;BYMXPS7;IT0005239360;STANDARD;Developed;DE35WV
ULVR.L;UNILEVER PLC ORD;UNITED KINGDOM;B10RZP7;GB00B10RZP78;STANDARD;Developed;91321
UMI.BR;UMICORE SA ORD;BELGIUM;BF44466;BE0974320526;STANDARD;Developed;400500
UOBH.SI;UNITED OVERSEAS BANK LTD ORD;SINGAPORE;6916781;SG1M31001969;STANDARD;Developed;691678
UDR.N;UDR INC ORD;UNITED STATES;2727910;US9026531049;STANDARD;Developed;UDR
UNH.N;UNITEDHEALTH GROUP INC ORD;UNITED STATES;2917766;US91324P1021;STANDARD;Developed;UNH
MRO.N;MARATHON OIL CORP ORD;UNITED STATES;2910970;US5658491064;STANDARD;Developed;MRO
X.N;UNITED STATES STEEL CORP ORD;UNITED STATES;2824770;US9129091081;STANDARD;Developed;X
UNP.N;UNION PACIFIC CORP ORD;UNITED STATES;2914734;US9078181081;STANDARD;Developed;UNP
UNM.N;UNUM GROUP ORD;UNITED STATES;2433842;US91529Y1064;STANDARD;Developed;UNM
URBN.OQ;URBAN OUTFITTERS INC ORD;UNITED STATES;2933438;US9170471026;STANDARD;Developed;URBN
SLM.OQ;SLM CORP ORD;UNITED STATES;2101967;US78442P1066;STANDARD;Developed;SLM
UPS.N;UNITED PARCEL SERVICE INC ORD;UNITED STATES;2517382;US9113121068;STANDARD;Developed;UPS
VFC.N;VF CORP ORD;UNITED STATES;2928683;US9182041080;STANDARD;Developed;VFC
VTR.N;VENTAS INC ORD;UNITED STATES;2927925;US92276F1003;STANDARD;Developed;VTR
VRTX.OQ;VERTEX PHARMACEUTICALS INC ORD;UNITED STATES;2931034;US92532F1003;STANDARD;Developed;VRTX
VIE.PA;VEOLIA ENVIRONNEMENT SA ORD;FRANCE;4031879;FR0000124141;STANDARD;Developed;403187
VOLVb.ST;VOLVO AB ORD;SWEDEN;B1QH830;SE0000115446;STANDARD;Developed;493117
DIS.N;WALT DISNEY CO ORD;UNITED STATES;2270726;US2546871060;STANDARD;Developed;DIS
WRT1V.HE;WARTSILA OYJ ABP ORD;FINLAND;4525189;FI0009003727;STANDARD;Developed;452518
WEIR.L;WEIR GROUP PLC ORD;UNITED KINGDOM;946580;GB0009465807;STANDARD;Developed;94660
WFC.N;WELLS FARGO & CO ORD;UNITED STATES;2649100;US9497461015;STANDARD;Developed;NOB
WBC.AX;WESTPAC BANKING CORP ORD;AUSTRALIA;6076146;AU000000WBC1;STANDARD;Developed;607614
VNO.N;VORNADO REALTY TRUST ORD;UNITED STATES;2933632;US9290421091;STANDARD;Developed;VNO
WY.N;WEYERHAEUSER CO ORD;UNITED STATES;2958936;US9621661043;STANDARD;Developed;WY
WLSNc.AS;WOLTERS KLUWER NV ORD;NETHERLANDS;5671519;NL0000395903;STANDARD;Developed;497711
WOW.AX;WOOLWORTHS GROUP LTD ORD;AUSTRALIA;6981239;AU000000WOW2;STANDARD;Developed;698123
WMB.N;WILLIAMS COMPANIES INC ORD;UNITED STATES;2967181;US9694571004;STANDARD;Developed;WMB
6841.T;YOKOGAWA ELECTRIC CORP ORD;JAPAN;6986427;JP3955000009;STANDARD;Developed;698642
7951.T;YAMAHA CORP ORD;JAPAN;6642387;JP3942600002;STANDARD;Developed;664238
ZBH;ZIMMER BIOMET HOLDINGS INC ORD;UNITED STATES;2783815;US98956P1021;STANDARD;Developed;ZMH
COR;CENCORA INC ORD;UNITED STATES;2795393;US03073E1055;STANDARD;Developed;AAS
ROK.N;ROCKWELL AUTOMATION INC ORD;UNITED STATES;2754060;US7739031091;STANDARD;Developed;ROK
ENAG.MC;ENAGAS SA ORD;SPAIN;7383072;ES0130960018;STANDARD;Developed;738307
TLW.L;TULLOW OIL PLC ORD;UNITED KINGDOM;150080;GB0001500809;STANDARD;Developed;15008
RWEG.DE;RWE AG ORD;GERMANY;4768962;DE0007037129;STANDARD;Developed;473550
VOWG.DE;VOLKSWAGEN AG ORD;GERMANY;5497102;DE0007664005;STANDARD;Developed;493030
DHLn.DE;DEUTSCHE POST AG ORD;GERMANY;4617859;DE0005552004;STANDARD;Developed;461785
GETIb.ST;GETINGE AB ORD;SWEDEN;7698356;SE0000202624;STANDARD;Developed;438520
BRBY.L;BURBERRY GROUP PLC ORD;UNITED KINGDOM;3174300;GB0031743007;STANDARD;Developed;317430
RF.N;REGIONS FINANCIAL CORP ORD;UNITED STATES;B01R311;US7591EP1005;STANDARD;Developed;UPC
2388.HK;BOC HONG KONG HOLDINGS LTD ORD;HONG KONG;6536112;HK2388011192;STANDARD;Developed;653611
HPQ.N;HP INC ORD;UNITED STATES;BYX4D52;US40434L1052;STANDARD;Developed;HWP
AV.L;AVIVA PLC ORD;UNITED KINGDOM;BPQY8M8;GB00BPQY8M80;STANDARD;Developed;21623
CMCSA.OQ;COMCAST CORP ORD;UNITED STATES;2044545;US20030N1019;STANDARD;Developed;CMCSA
FREG.DE;FRESENIUS SE & CO KGAA ORD;GERMANY;4352097;DE0005785604;STANDARD;Developed;435209
TELIA.ST;TELIA COMPANY AB ORD;SWEDEN;5978384;SE0000667925;STANDARD;Developed;597838
FOSL.OQ;FOSSIL GROUP INC ORD;UNITED STATES;BBGT609;US34988V1061;STANDARD;Developed;FOSL
CONG.DE;CONTINENTAL AG ORD;GERMANY;4598589;DE0005439004;STANDARD;Developed;422060
PSHG_p.DE;PORSCHE AUTOMOBIL HOLDING SE;GERMANY;7101069;DE000PAH0038;STANDARD;Developed;469678
ILMN.OQ;ILLUMINA INC ORD;UNITED STATES;2613990;US4523271090;STANDARD;Developed;ILMN
EQIX.OQ;EQUINIX INC ORD;UNITED STATES;BVLZX12;US29444U7000;STANDARD;Developed;EQIX
TRMB.OQ;TRIMBLE INC ORD;UNITED STATES;2903958;US8962391004;STANDARD;Developed;TRMB
ANSS.OQ;ANSYS INC ORD;UNITED STATES;2045623;US03662Q1058;STANDARD;Developed;ANSS
SBAC.OQ;SBA COMMUNICATIONS CORP ORD;UNITED STATES;BZ6TS23;US78410G1040;STANDARD;Developed;SBAC
CCL.L;CARNIVAL PLC ORD;UNITED KINGDOM;3121522;GB0031215220;STANDARD;Developed;96359
MNST.OQ;MONSTER BEVERAGE CORP ORD;UNITED STATES;BZ07BW4;US61174X1090;STANDARD;Developed;HANS
COLOb.CO;COLOPLAST A/S ORD;DENMARK;B8FMRX8;DK0060448595;STANDARD;Developed;420958
DANSKE.CO;DANSKE BANK A/S ORD;DENMARK;4588825;DK0010274414;STANDARD;Developed;426292
NOVOb.CO;NOVO NORDISK A/S ORD;DENMARK;BP6KMJ1;DK0062498333;STANDARD;Developed;465191
IHG.L;INTERCONTINENTAL HOTELS GROUP PLC ORD;UNITED KINGDOM;BHJYC05;GB00BHJYC057;STANDARD;Developed;8320
SLF.TO;SUN LIFE FINANCIAL INC ORD;CANADA;2566124;CA8667961053;STANDARD;Developed;256612
CARLb.CO;CARLSBERG A/S ORD;DENMARK;4169219;DK0010181759;STANDARD;Developed;416921
ZURN.S;ZURICH INSURANCE GROUP AG ORD;SWITZERLAND;5983816;CH0011075394;STANDARD;Developed;499187
ABBN.S;ABB LTD ORD;SWITZERLAND;7108899;CH0012221716;STANDARD;Developed;408580
SCMN.S;SWISSCOM AG ORD;SWITZERLAND;5533976;CH0008742519;STANDARD;Developed;553397
LONN.S;LONZA GROUP AG ORD;SWITZERLAND;7333378;CH0013841017;STANDARD;Developed;579422
NESN.S;NESTLE SA ORD;SWITZERLAND;7123870;CH0038863350;STANDARD;Developed;461669
BALN.S;BALOISE HOLDING AG ORD;SWITZERLAND;7124594;CH0012410517;STANDARD;Developed;531966
ROG.S;ROCHE HOLDING AG;SWITZERLAND;7110388;CH0012032048;STANDARD;Developed;474577
DNB.OL;DNB BANK ASA ORD;NORWAY;BNG7113;NO0010161896;STANDARD;Developed;426330
ITV.L;ITV PLC ORD;UNITED KINGDOM;3398649;GB0033986497;STANDARD;Developed;38112
YAR.OL;YARA INTERNATIONAL ASA ORD;NORWAY;7751259;NO0010208051;STANDARD;Developed;775125
AKAST.OL;AKASTOR ASA ORD;NORWAY;B1VLVW7;NO0010215684;STANDARD;Developed;450201
NRG.N;NRG ENERGY INC ORD;UNITED STATES;2212922;US6293775085;STANDARD;Developed;NRG@
TRN.MI;TERNA RETE ELETTRICA NAZIONALE SPA ORD;ITALY;B01BN57;IT0003242622;STANDARD;Developed;B01BN5
ENGIE.PA;ENGIE SA ORD;FRANCE;B0C2CQ3;FR0010208488;STANDARD;Developed;B0C2CQ
EONGn.DE;E ON SE ORD;GERMANY;4942904;DE000ENAG999;STANDARD;Developed;492752
ARYN.S;ARYZTA AG ORD;SWITZERLAND;B39VJC9;CH0043238366;STANDARD;Developed;EY024
STX.OQ;SEAGATE TECHNOLOGY HOLDINGS PLC ORD;SINGAPORE;BKVD2N4;IE00BKVD2N49;STANDARD;Developed;STX
0142.HK;FIRST PACIFIC CO LTD ORD;HONG KONG;6339872;BMG348041077;STANDARD;Developed;633987
ADP.OQ;AUTOMATIC DATA PROCESSING INC ORD;UNITED STATES;2065308;US0530151036;STANDARD;Developed;AUD
MS.N;MORGAN STANLEY ORD;UNITED STATES;2262314;US6174464486;STANDARD;Developed;DWD
CMG.N;CHIPOTLE MEXICAN GRILL INC ORD;UNITED STATES;B0X7DZ3;US1696561059;STANDARD;Developed;CMG
FIS.N;FIDELITY NATIONAL INFORMATION SERVICES INC ORD;UNITED STATES;2769796;US31620M1062;STANDARD;Developed;CEY@
TDG.N;TRANSDIGM GROUP INC ORD;UNITED STATES;B11FJK3;US8936411003;STANDARD;Developed;TDG
HST.O;HOST HOTELS & RESORTS INC ORD;UNITED STATES;2567503;US44107P1049;STANDARD;Developed;HMT
LEGD.PA;LEGRAND SA ORD;FRANCE;B11ZRK9;FR0010307819;STANDARD;Developed;B11ZRK
AKE.PA;ARKEMA SA ORD;FRANCE;B0Z5YZ2;FR0010313833;STANDARD;Developed;B0Z5YZ
VIV.PA;VIVENDI SE ORD;FRANCE;4834777;FR0000127771;STANDARD;Developed;430230
MZTF.TA;MIZRAHI TEFAHOT BANK LTD ORD;ISRAEL;6916703;IL0006954379;STANDARD;Developed;IL00DG
HES.N;HESS CORP ORD;UNITED STATES;2023748;US42809H1077;STANDARD;Developed;AHC
GRLS.MC;GRIFOLS SA ORD;SPAIN;BYY3DX6;ES0171996087;STANDARD;Developed;B01SPF
MA.N;MASTERCARD INC ORD;UNITED STATES;B121557;US57636Q1040;STANDARD;Developed;MACA
WLIL.SI;WILMAR INTERNATIONAL LTD ORD;SINGAPORE;B17KC69;SG1T56930848;STANDARD;Developed;B17KC6
TECK.K;TECK RESOURCES LTD ORD;CANADA;2124533;CA8787422044;STANDARD;Developed;TEK.B
HOG.N;HARLEY-DAVIDSON INC ORD;UNITED STATES;2411053;US4128221086;STANDARD;Developed;HDI
3231.T;NOMURA REAL ESTATE HOLDINGS INC ORD;JAPAN;B1CWJM5;JP3762900003;STANDARD;Developed;B1CWJM
SWEDa.ST;SWEDBANK AB ORD;SWEDEN;4846523;SE0000242455;STANDARD;Developed;484652
WU.N;WESTERN UNION CO ORD;UNITED STATES;B1F76F9;US9598021098;STANDARD;Developed;WU
EXPN.L;EXPERIAN PLC ORD;IRELAND;B19NLV4;GB00B19NLV48;STANDARD;Developed;38470
KBR.N;KBR INC ORD;UNITED STATES;B1HHB18;US48242W1062;STANDARD;Developed;KBR
BXB.AX;BRAMBLES LTD ORD;AUSTRALIA;B1FJ0C0;AU000000BXB1;STANDARD;Developed;612000
ISP.MI;INTESA SANPAOLO SPA ORD;ITALY;4076836;IT0000072618;STANDARD;Developed;407683
ICL.TA;ICL GROUP LTD ORD;ISRAEL;6455530;IL0002810146;STANDARD;Developed;IL0036
TRV.N;TRAVELERS COMPANIES INC ORD;UNITED STATES;2769503;US89417E1091;STANDARD;Developed;SPC
PRY.MI;PRYSMIAN SPA ORD;ITALY;B1W4V69;IT0004176001;STANDARD;Developed;B1W4V6
M.N;MACY'S INC ORD;UNITED STATES;2345022;US55616P1049;STANDARD;Developed;FD
TEL.N;TE CONNECTIVITY PLC ORD;IRELAND;BRC3N84;IE000IVNQZ81;STANDARD;Developed;U0104
SOLB.BR;SOLVAY SA ORD;BELGIUM;4821100;BE0003470755;STANDARD;Developed;482110
VMW.MX;VMWARE LLC ORD;UNITED STATES;BDSCVP0;US9285634021;STANDARD;Developed;U0179
1128.HK;WYNN MACAU LTD ORD;MACAU;B4JSTL6;KYG981491007;STANDARD;Developed;PH231
0880.HK;SJM HOLDINGS LTD ORD;HONG KONG;B2NR3Y6;HK0880043028;STANDARD;Developed;PH169
CME.OQ;CME GROUP INC ORD;UNITED STATES;2965839;US12572Q1058;STANDARD;Developed;CME
BWA.N;BORGWARNER INC ORD;UNITED STATES;2111955;US0997241064;STANDARD;Developed;BWA
GETP.PA;GETLINK SE ORD;FRANCE;B292JQ9;FR0010533075;STANDARD;Developed;EF024
FRES.L;FRESNILLO PLC ORD;MEXICO;B2QPKJ1;GB00B2QPKJ12;STANDARD;Developed;EB183
OCBC.SI;OVERSEA-CHINESE BANKING CORPORATION LTD ORD;SINGAPORE;B0F9V20;SG1S04926220;STANDARD;Developed;666369
CSL.AX;CSL LTD ORD;AUSTRALIA;6185495;AU000000CSL8;STANDARD;Developed;618549
HAL.N;HALLIBURTON CO ORD;UNITED STATES;2405302;US4062161017;STANDARD;Developed;HAL
8953.T;JAPAN RETAIL FUND INV TRUST;;6513342;JP3039710003;STANDARD;Developed;651334
0823.HK;LINK REAL ESTATE INVESTMENT TRUST;;B0PB4M7;HK0823032773;STANDARD;Developed;B0PB4M
APA.AX;AUSTRALIAN PIPELINE TRUST;;6247306;AU000000APA1;STANDARD;Developed;624730
SBMO.AS;SBM OFFSHORE NV ORD;NETHERLANDS;B156T57;NL0000360618;STANDARD;Developed;916775
LXSG.DE;LANXESS AG ORD;GERMANY;B05M8B7;DE0005470405;STANDARD;Developed;B05M8B
EXPE.OQ;EXPEDIA GROUP INC ORD;UNITED STATES;B748CK2;US30212P3038;STANDARD;Developed;EXPEV
NOV.N;NOV INC ORD;UNITED STATES;BN2RYW9;US62955J1034;STANDARD;Developed;NOI
MOS.N;MOSAIC CO ORD;UNITED STATES;B3NPHP6;US61945C1036;STANDARD;Developed;IGL
HLF.N;HERBALIFE LTD ORD;CAYMAN ISLANDS;B0539H3;KYG4412G1010;STANDARD;Developed;HLF
LVS.N;LAS VEGAS SANDS CORP ORD;UNITED STATES;B02T2J7;US5178341070;STANDARD;Developed;LVS
CE.N;CELANESE CORP ORD;UNITED STATES;B05MZT4;US1508701034;STANDARD;Developed;CE
DLR.N;DIGITAL REALTY TRUST INC ORD;UNITED STATES;B03GQS4;US2538681030;STANDARD;Developed;DLR
DVN.N;DEVON ENERGY CORP ORD;UNITED STATES;2480677;US25179M1036;STANDARD;Developed;DVN
IHS.N;IHS INC ORD;UNITED STATES;BMCG0L0;KYG4701H1092;STANDARD;Developed;US3PZD
CF.N;CF INDUSTRIES HOLDINGS INC ORD;UNITED STATES;B0G4K50;US1252691001;STANDARD;Developed;CF
SAF.PA;SAFRAN SA ORD;FRANCE;B058TZ6;FR0000073272;STANDARD;Developed;476776
STAR.SI;STARHUB LTD ORD;SINGAPORE;B1CNDB5;SG1V12936232;STANDARD;Developed;B02ZJ5
GIL.TO;GILDAN ACTIVEWEAR INC ORD;CANADA;2254645;CA3759161035;STANDARD;Developed;683035
2433.T;HAKUHODO DY HOLDINGS INC ORD;JAPAN;B05LZ02;JP3766550002;STANDARD;Developed;B05LZ0
NG.L;NATIONAL GRID PLC ORD;UNITED KINGDOM;BDR05C0;GB00BDR05C01;STANDARD;Developed;24282
PFC.L;PETROFAC LTD ORD;JERSEY;B0H2K53;GB00B0H2K534;STANDARD;Developed;B0H2K5
AMP.N;AMERIPRISE FINANCIAL INC ORD;UNITED STATES;B0J7D57;US03076C1062;STANDARD;Developed;AMP
3382.T;SEVEN & I HOLDINGS CO LTD ORD;JAPAN;B0FS5D6;JP3422950000;STANDARD;Developed;679717
7832.T;BANDAI NAMCO HOLDINGS INC ORD;JAPAN;B0JDQD4;JP3778630008;STANDARD;Developed;B0JDQD
JMT.LS;JERONIMO MARTINS SGPS SA ORD;PORTUGAL;B1Y1SQ7;PTJMT0AE0001;STANDARD;Developed;447723
PHRA.LS;PHAROL SGPS SA ORD;PORTUGAL;5817186;PTPTC0AM0009;STANDARD;Developed;467620
EDP.LS;EDP SA ORD;PORTUGAL;4103596;PTEDP0AM0009;STANDARD;Developed;524918
NBR.N;NABORS INDUSTRIES LTD ORD;BERMUDA;BK953M8;BMG6359F1370;STANDARD;Developed;NBR
SUN.S;SULZER AG ORD;SWITZERLAND;4854719;CH0038388911;STANDARD;Developed;485471
AEM.TO;AGNICO EAGLE MINES LTD ORD;CANADA;2009823;CA0084741085;STANDARD;Developed;TAGE
PRQ.TO;PROGRESS ENERGY RESOURCES CORP ORD;CANADA;BD595T6;CA71678F1080;STANDARD;Developed;TPXE
SOON.S;SONOVA HOLDING AG ORD;SWITZERLAND;7156036;CH0012549785;STANDARD;Developed;143406
ABI.BR;ANHEUSER-BUSCH INBEV SA ORD;BELGIUM;BYYHL23;BE0974293251;STANDARD;Developed;475531
GENS.SI;GENTING SINGAPORE LTD ORD;SINGAPORE;BDRTVP2;SGXE21576413;STANDARD;Developed;636679
AVGO.OQ;AVAGO TECHNOLOGIES LTD ORD;SINGAPORE;BDZ78H9;US11135F1012;STANDARD;Developed;SG006E
BAYGn.DE;BAYER AG ORD;GERMANY;5069211;DE000BAY0017;STANDARD;Developed;408530
MAT.OQ;MATTEL INC ORD;UNITED STATES;2572303;US5770811025;STANDARD;Developed;MAT
JNPR.N;JUNIPER NETWORKS INC ORD;UNITED STATES;2431846;US48203R1041;STANDARD;Developed;JNPR
CVE.TO;CENOVUS ENERGY INC ORD;CANADA;B57FG04;CA15135U1093;STANDARD;Developed;AC150
1928.HK;SANDS CHINA LTD ORD;MACAU;B5B23W2;KYG7800X1079;STANDARD;Developed;PH256
MU.OQ;MICRON TECHNOLOGY INC ORD;UNITED STATES;2588184;US5951121038;STANDARD;Developed;MU
8750.T;DAI-ICHI LIFE HOLDINGS INC ORD;JAPAN;B601QS4;JP3476480003;STANDARD;Developed;PJ059
SCHW.N;CHARLES SCHWAB CORP ORD;UNITED STATES;2779397;US8085131055;STANDARD;Developed;SCH
BNRGn.DE;BRENNTAG SE ORD;GERMANY;B4YVF56;DE000A1DAHH0;STANDARD;Developed;EG063
ATH.TO;ATHABASCA OIL CORP ORD;CANADA;B8DG7Z4;CA04682R1073;STANDARD;Developed;CA002O
AMA.MC;AMADEUS IT GROUP SA ORD;SPAIN;B3MSM28;ES0109067019;STANDARD;Developed;ES0017
GAMH.S;GAM HOLDING AG ORD;SWITZERLAND;B1WHVV3;CH0102659627;STANDARD;Developed;411695
NEE.N;NEXTERA ENERGY INC ORD;UNITED STATES;2328915;US65339F1012;STANDARD;Developed;FPL
EDEN.PA;EDENRED SE ORD;FRANCE;B62G1B5;FR0010908533;STANDARD;Developed;EF031
MEG.TO;MEG ENERGY CORP ORD;CANADA;B4XF9J1;CA5527041084;STANDARD;Developed;CA00H3
BASFn.DE;BASF SE ORD;GERMANY;5086577;DE000BASF111;STANDARD;Developed;408348
MG.TO;MAGNA INTERNATIONAL INC ORD;CANADA;2554475;CA5592224011;STANDARD;Developed;MG.A
ADSGn.DE;ADIDAS AG ORD;GERMANY;4031976;DE000A1EWWW0;STANDARD;Developed;403197
RBIV.VI;RAIFFEISEN BANK INTERNATIONAL AG ORD;AUSTRIA;B0704T9;AT0000606306;STANDARD;Developed;B0704T
LYB.N;LYONDELLBASELL INDUSTRIES NV ORD;UNITED KINGDOM;B3SPXZ3;NL0009434992;STANDARD;Developed;US20RF
GM.N;GENERAL MOTORS CO ORD;UNITED STATES;B665KZ5;US37045V1008;STANDARD;Developed;US10NA
TOU.TO;TOURMALINE OIL CORP (ALBERTA) ORD;CANADA;B3QJ0H8;CA89156V1067;STANDARD;Developed;CA122R
GJFG.OL;GJENSIDIGE FORSIKRING ASA ORD;NORWAY;B4PH0C5;NO0010582521;STANDARD;Developed;NO002D
ICAG.L;INTERNATIONAL CONSOLIDATED AIRLINES GROUP SA ORD;UNITED KINGDOM;B5M6XQ7;ES0177542018;STANDARD;Developed;12905
KMI.N;KINDER MORGAN INC ORD;UNITED STATES;B3NQ4P8;US49456B1017;STANDARD;Developed;US10OB
HCA.N;HCA HEALTHCARE INC ORD;UNITED STATES;B4MGBG6;US40412C1018;STANDARD;Developed;US114S
SRENH.S;SWISS RE AG ORD;SWITZERLAND;B545MG5;CH0126881561;STANDARD;Developed;478165
MPC.N;MARATHON PETROLEUM CORP ORD;UNITED STATES;B3K3L40;US56585A1025;STANDARD;Developed;US112Q
DIDA.MC;DISTRIBUIDORA INTERNACIONAL DE ALIMENTACION SA ORD;SPAIN;B55ZR92;ES0126775032;STANDARD;Developed;ES1018
PSX.N;PHILLIPS 66 ORD;UNITED STATES;B78C4Y8;US7185461040;STANDARD;Developed;US205T
META.O;META PLATFORMS INC ORD;UNITED STATES;B7TL820;US30303M1027;STANDARD;Developed;US20PD
